Classifier,F1-Weighted,Accuracy,Balanced Acc
Random Forest (Proposed),0.9933998414067231,0.9933263083948015,0.9747121004631208
Logistic Regression (LR),0.9401634744636422,0.9390166799455139,0.7160551830860961
Decision Tree (DT),0.9777004868808915,0.976171751180104,0.9044745310528546
