Scenario,Accuracy,F1-Weighted
Full Test Mix,0.9907801965269389,0.9909995342364406
Missing Iodine,0.9939119154805429,0.9952977068735847
Missing DNS2TCP,0.9942224978494408,0.9943642538969707
Missing Dnscat2,0.9918280695117877,0.9949510733449163
